"Time","emqx"
2025-01-07 02:34:00,196 MiB
2025-01-07 02:35:00,198 MiB
2025-01-07 02:36:00,203 MiB
2025-01-07 02:37:00,207 MiB
2025-01-07 02:38:00,212 MiB
2025-01-07 02:39:00,224 MiB
2025-01-07 02:40:00,228 MiB
2025-01-07 02:41:00,241 MiB
2025-01-07 02:42:00,240 MiB
2025-01-07 02:43:00,241 MiB
2025-01-07 02:44:00,241 MiB
2025-01-07 02:45:00,245 MiB
2025-01-07 02:46:00,240 MiB
2025-01-07 02:47:00,240 MiB
2025-01-07 02:48:00,241 MiB
2025-01-07 02:49:00,242 MiB
2025-01-07 02:50:00,241 MiB
2025-01-07 02:51:00,240 MiB
2025-01-07 02:52:00,240 MiB
2025-01-07 02:53:00,240 MiB
2025-01-07 02:54:00,240 MiB
2025-01-07 02:55:00,240 MiB
2025-01-07 02:56:00,240 MiB
2025-01-07 02:57:00,240 MiB
2025-01-07 02:58:00,246 MiB
2025-01-07 02:59:00,246 MiB
2025-01-07 03:00:00,248 MiB
2025-01-07 03:01:00,246 MiB
2025-01-07 03:02:00,242 MiB
2025-01-07 03:03:00,241 MiB
2025-01-07 03:04:00,242 MiB
2025-01-07 03:05:00,242 MiB
2025-01-07 03:06:00,241 MiB
2025-01-07 03:07:00,242 MiB
2025-01-07 03:08:00,241 MiB
2025-01-07 03:09:00,241 MiB
2025-01-07 03:10:00,239 MiB
2025-01-07 03:11:00,239 MiB
2025-01-07 03:12:00,239 MiB
2025-01-07 03:13:00,239 MiB
2025-01-07 03:14:00,239 MiB
2025-01-07 03:15:00,239 MiB
2025-01-07 03:16:00,239 MiB
2025-01-07 03:17:00,231 MiB
2025-01-07 03:18:00,231 MiB
2025-01-07 03:19:00,231 MiB
2025-01-07 03:20:00,231 MiB
2025-01-07 03:21:00,231 MiB
2025-01-07 03:22:00,231 MiB
2025-01-07 03:23:00,231 MiB
2025-01-07 03:24:00,231 MiB
2025-01-07 03:25:00,231 MiB
2025-01-07 03:26:00,231 MiB
2025-01-07 03:27:00,231 MiB
2025-01-07 03:28:00,231 MiB
2025-01-07 03:29:00,231 MiB
2025-01-07 03:30:00,231 MiB
2025-01-07 03:31:00,231 MiB
2025-01-07 03:32:00,234 MiB
2025-01-07 03:33:00,231 MiB
2025-01-07 03:34:00,231 MiB
2025-01-07 03:35:00,231 MiB
2025-01-07 03:36:00,231 MiB
2025-01-07 03:37:00,231 MiB
2025-01-07 03:38:00,231 MiB
2025-01-07 03:39:00,231 MiB
2025-01-07 03:40:00,231 MiB
2025-01-07 03:41:00,434 MiB
2025-01-07 03:42:00,429 MiB
2025-01-07 03:43:00,429 MiB
2025-01-07 03:44:00,199 MiB
2025-01-07 03:45:00,202 MiB
2025-01-07 03:46:00,205 MiB
2025-01-07 03:47:00,210 MiB
2025-01-07 03:48:00,216 MiB
2025-01-07 03:49:00,221 MiB
2025-01-07 03:50:00,226 MiB
2025-01-07 03:51:00,230 MiB
2025-01-07 03:52:00,234 MiB
2025-01-07 03:53:00,237 MiB
2025-01-07 03:54:00,239 MiB
2025-01-07 03:55:00,241 MiB
2025-01-07 03:56:00,232 MiB
2025-01-07 03:57:00,232 MiB
2025-01-07 03:58:00,232 MiB
2025-01-07 03:59:00,231 MiB
2025-01-07 04:00:00,232 MiB
2025-01-07 04:01:00,231 MiB
2025-01-07 04:02:00,231 MiB
2025-01-07 04:03:00,231 MiB
2025-01-07 04:04:00,231 MiB
2025-01-07 04:05:00,231 MiB
2025-01-07 04:06:00,231 MiB
2025-01-07 04:07:00,231 MiB
2025-01-07 04:08:00,231 MiB
2025-01-07 04:09:00,231 MiB
2025-01-07 04:10:00,231 MiB
2025-01-07 04:11:00,226 MiB
2025-01-07 04:12:00,226 MiB
2025-01-07 04:13:00,226 MiB
2025-01-07 04:14:00,226 MiB
2025-01-07 04:15:00,226 MiB
2025-01-07 04:16:00,226 MiB
2025-01-07 04:17:00,226 MiB
2025-01-07 04:18:00,225 MiB
2025-01-07 04:19:00,225 MiB
2025-01-07 04:20:00,225 MiB
2025-01-07 04:21:00,225 MiB
2025-01-07 04:22:00,225 MiB
2025-01-07 04:23:00,225 MiB
2025-01-07 04:24:00,225 MiB
2025-01-07 04:25:00,225 MiB
2025-01-07 04:26:00,221 MiB
2025-01-07 04:27:00,221 MiB
2025-01-07 04:28:00,217 MiB
2025-01-07 04:29:00,217 MiB
2025-01-07 04:30:00,217 MiB
2025-01-07 04:31:00,217 MiB
2025-01-07 04:32:00,217 MiB
2025-01-07 04:33:00,217 MiB
2025-01-07 04:34:00,217 MiB
2025-01-07 04:35:00,217 MiB
2025-01-07 04:36:00,217 MiB
2025-01-07 04:37:00,217 MiB
2025-01-07 04:38:00,217 MiB
2025-01-07 04:39:00,217 MiB
2025-01-07 04:40:00,217 MiB
2025-01-07 04:41:00,217 MiB
2025-01-07 04:42:00,217 MiB
2025-01-07 04:43:00,217 MiB
2025-01-07 04:44:00,217 MiB
2025-01-07 04:45:00,217 MiB
2025-01-07 04:46:00,217 MiB
2025-01-07 04:47:00,217 MiB
2025-01-07 04:48:00,217 MiB
2025-01-07 04:49:00,217 MiB
2025-01-07 04:50:00,217 MiB
2025-01-07 04:51:00,217 MiB
2025-01-07 04:52:00,217 MiB
2025-01-07 04:53:00,217 MiB
2025-01-07 04:54:00,217 MiB
2025-01-07 04:55:00,217 MiB
2025-01-07 04:56:00,217 MiB
2025-01-07 04:57:00,217 MiB
2025-01-07 04:58:00,217 MiB
2025-01-07 04:59:00,217 MiB
2025-01-07 05:00:00,217 MiB
2025-01-07 05:01:00,217 MiB
2025-01-07 05:02:00,217 MiB
2025-01-07 05:03:00,217 MiB
2025-01-07 05:04:00,217 MiB
2025-01-07 05:05:00,217 MiB
2025-01-07 05:06:00,217 MiB
2025-01-07 05:07:00,217 MiB
2025-01-07 05:08:00,217 MiB
2025-01-07 05:09:00,217 MiB
2025-01-07 05:10:00,217 MiB
2025-01-07 05:11:00,217 MiB
2025-01-07 05:12:00,217 MiB
2025-01-07 05:13:00,217 MiB
2025-01-07 05:14:00,217 MiB
2025-01-07 05:15:00,217 MiB
2025-01-07 05:16:00,217 MiB
2025-01-07 05:21:00,194 MiB
2025-01-07 05:22:00,195 MiB
2025-01-07 05:23:00,197 MiB
2025-01-07 05:24:00,198 MiB
2025-01-07 05:25:00,200 MiB
2025-01-07 05:26:00,204 MiB
2025-01-07 05:27:00,210 MiB
2025-01-07 05:28:00,220 MiB
2025-01-07 05:29:00,231 MiB
2025-01-07 05:30:00,241 MiB
2025-01-07 05:31:00,254 MiB
2025-01-07 05:32:00,258 MiB
2025-01-07 05:33:00,283 MiB
2025-01-07 05:34:00,297 MiB
2025-01-07 05:35:00,288 MiB
2025-01-07 05:36:00,278 MiB
2025-01-07 05:37:00,279 MiB
2025-01-07 05:38:00,277 MiB
2025-01-07 05:39:00,283 MiB
2025-01-07 05:40:00,282 MiB
2025-01-07 05:41:00,280 MiB
2025-01-07 05:42:00,278 MiB
2025-01-07 05:43:00,276 MiB
2025-01-07 05:44:00,278 MiB
2025-01-07 05:45:00,278 MiB
2025-01-07 05:46:00,281 MiB
2025-01-07 05:47:00,277 MiB
2025-01-07 05:48:00,278 MiB
2025-01-07 05:49:00,277 MiB
2025-01-07 05:50:00,277 MiB
2025-01-07 05:51:00,277 MiB
2025-01-07 05:52:00,276 MiB
2025-01-07 05:53:00,276 MiB
2025-01-07 05:54:00,276 MiB
2025-01-07 05:55:00,276 MiB
2025-01-07 05:56:00,276 MiB
2025-01-07 05:57:00,275 MiB
2025-01-07 05:58:00,275 MiB
2025-01-07 05:59:00,276 MiB
2025-01-07 06:00:00,273 MiB
2025-01-07 06:01:00,273 MiB
2025-01-07 06:02:00,274 MiB
2025-01-07 06:03:00,270 MiB
2025-01-07 06:04:00,265 MiB
2025-01-07 06:05:00,265 MiB
2025-01-07 06:06:00,257 MiB
2025-01-07 06:07:00,257 MiB
2025-01-07 06:08:00,257 MiB
2025-01-07 06:09:00,257 MiB
2025-01-07 06:10:00,257 MiB
2025-01-07 06:11:00,258 MiB
2025-01-07 06:12:00,257 MiB
2025-01-07 06:13:00,258 MiB
2025-01-07 06:14:00,257 MiB
2025-01-07 06:15:00,258 MiB
2025-01-07 06:16:00,257 MiB
2025-01-07 06:17:00,258 MiB
2025-01-07 06:18:00,258 MiB
2025-01-07 06:19:00,258 MiB
2025-01-07 06:20:00,257 MiB
2025-01-07 06:21:00,257 MiB
2025-01-07 06:22:00,258 MiB
2025-01-07 06:23:00,258 MiB
2025-01-07 06:24:00,257 MiB
2025-01-07 06:25:00,258 MiB
2025-01-07 06:26:00,257 MiB
2025-01-07 06:27:00,257 MiB
2025-01-07 06:28:00,257 MiB
2025-01-07 06:29:00,257 MiB
2025-01-07 06:30:00,258 MiB
2025-01-07 06:31:00,257 MiB
2025-01-07 06:32:00,258 MiB
2025-01-07 06:33:00,258 MiB
2025-01-07 06:34:00,258 MiB
2025-01-07 06:35:00,258 MiB
2025-01-07 06:36:00,258 MiB
2025-01-07 06:37:00,257 MiB
2025-01-07 06:38:00,258 MiB
2025-01-07 06:39:00,257 MiB
2025-01-07 06:40:00,258 MiB
2025-01-07 06:41:00,258 MiB
2025-01-07 06:42:00,257 MiB
2025-01-07 06:43:00,257 MiB
2025-01-07 06:44:00,257 MiB
2025-01-07 06:45:00,258 MiB
2025-01-07 06:46:00,258 MiB
2025-01-07 06:47:00,257 MiB
2025-01-07 06:48:00,257 MiB
2025-01-07 06:49:00,257 MiB
2025-01-07 06:50:00,257 MiB
2025-01-07 06:51:00,257 MiB
2025-01-07 06:52:00,257 MiB
2025-01-07 06:53:00,257 MiB
2025-01-07 06:54:00,258 MiB
2025-01-07 06:55:00,258 MiB
2025-01-07 06:56:00,258 MiB
2025-01-07 06:57:00,258 MiB
2025-01-07 06:58:00,258 MiB
2025-01-07 06:59:00,258 MiB
2025-01-07 07:00:00,258 MiB
2025-01-07 07:01:00,258 MiB
2025-01-07 07:02:00,258 MiB
2025-01-07 07:03:00,258 MiB
2025-01-07 07:04:00,258 MiB
2025-01-07 07:05:00,258 MiB
2025-01-07 07:06:00,258 MiB
2025-01-07 07:07:00,258 MiB
2025-01-07 07:08:00,258 MiB
2025-01-07 07:09:00,258 MiB
2025-01-07 07:10:00,258 MiB
2025-01-07 07:11:00,258 MiB
2025-01-07 07:12:00,258 MiB
2025-01-07 07:13:00,258 MiB
2025-01-07 07:14:00,258 MiB
2025-01-07 07:15:00,258 MiB
2025-01-07 07:16:00,258 MiB
2025-01-07 07:28:00,198 MiB
2025-01-07 07:29:00,199 MiB
2025-01-07 07:30:00,201 MiB
2025-01-07 07:31:00,203 MiB
2025-01-07 07:32:00,204 MiB
2025-01-07 07:33:00,213 MiB
2025-01-07 07:34:00,215 MiB
2025-01-07 07:35:00,220 MiB
2025-01-07 07:36:00,234 MiB
2025-01-07 07:37:00,246 MiB
2025-01-07 07:38:00,259 MiB
2025-01-07 07:39:00,259 MiB
2025-01-07 07:40:00,261 MiB
2025-01-07 07:41:00,296 MiB
2025-01-07 07:42:00,296 MiB
2025-01-07 07:43:00,275 MiB
2025-01-07 07:44:00,275 MiB
2025-01-07 07:45:00,279 MiB
2025-01-07 07:46:00,280 MiB
2025-01-07 07:47:00,277 MiB
2025-01-07 07:48:00,277 MiB
2025-01-07 07:49:00,274 MiB
2025-01-07 07:50:00,277 MiB
2025-01-07 07:51:00,275 MiB
2025-01-07 07:52:00,275 MiB
2025-01-07 07:53:00,273 MiB
2025-01-07 07:54:00,275 MiB
2025-01-07 07:55:00,274 MiB
2025-01-07 07:56:00,273 MiB
2025-01-07 07:57:00,274 MiB
2025-01-07 07:58:00,273 MiB
2025-01-07 07:59:00,273 MiB
2025-01-07 08:00:00,273 MiB
2025-01-07 08:01:00,273 MiB
2025-01-07 08:02:00,273 MiB
2025-01-07 08:03:00,273 MiB
2025-01-07 08:04:00,273 MiB
2025-01-07 08:05:00,273 MiB
2025-01-07 08:06:00,273 MiB
2025-01-07 08:07:00,271 MiB
2025-01-07 08:08:00,271 MiB
2025-01-07 08:09:00,271 MiB
2025-01-07 08:10:00,271 MiB
2025-01-07 08:11:00,267 MiB
2025-01-07 08:12:00,267 MiB
2025-01-07 08:13:00,268 MiB
2025-01-07 08:14:00,268 MiB
2025-01-07 08:15:00,269 MiB
2025-01-07 08:16:00,267 MiB
2025-01-07 08:17:00,267 MiB